Age,Prior Crimes,Sex (Male=1),Felony Charge (1=Yes),race_binary,actual_outcome,predicted_prob
-0.80641687,-0.26194566,0.01746469,-0.0628269,1,1,0.24848276
0.13293123,-0.89868236,0.08863294,-0.06040786,1,0,0.32508022
-0.7401919,0.23327138,0.030084915,0.07918929,0,1,0.40356275
-0.6021854,0.24180676,0.12953132,-0.06825236,1,1,0.42749083
0.86017096,0.5335429,0.064902194,-0.020430181,1,1,0.8092572
1.7873092,-0.13436487,0.11366352,-0.0069346423,0,0,0.854044
0.7795325,-0.6977168,-0.40561703,0.07607263,0,1,0.4401076
0.035576917,-0.31354246,0.1203358,0.057601415,1,0,0.47676057
0.5002475,-0.9627575,0.18505132,-0.019278506,1,0,0.42806908
-0.19402589,-1.0123538,0.039399985,0.06018788,0,0,0.24977972
0.093062006,0.5712454,0.100389965,0.14540732,1,0,0.7144525
0.8940623,-0.34872353,0.17464224,-0.0050771264,1,1,0.6730269
0.35588565,-0.17738368,-0.011709248,0.19974993,0,1,0.5923155
-0.13450429,-0.7975643,-0.12927197,0.29555118,0,0,0.31890994
-1.3088064,-0.26097378,0.021296125,-0.071220815,1,1,0.16621383
-0.7709346,-0.3102443,0.05355389,-0.023062766,0,0,0.2604397
0.06455987,-0.2493988,0.102120936,0.07896445,1,0,0.50081253
0.06833248,0.37411773,0.10626795,0.046427548,0,1,0.64614785
-0.45558676,-0.23713762,0.065686375,0.053533114,0,0,0.3620446
0.31558713,-0.7724149,-0.22495064,-0.17937215,0,0,0.29856366
-0.10234093,-0.1655624,-0.0062676007,0.07875295,0,1,0.4530353
0.38750055,-0.24312195,0.04901813,0.026651803,0,1,0.5565205
-0.08574485,-0.8608905,0.15611693,-0.2718888,0,0,0.25818878
0.19982484,-1.0481879,-0.6448644,-0.10644168,1,0,0.16900933
0.025246527,-0.5252684,0.0778599,0.07508538,0,0,0.41579172
-0.10322378,3.1684241,0.06205445,0.1261394,1,0,0.96304494
0.41704407,1.040846,0.057735205,-0.2077973,1,0,0.7883205
-1.1000197,0.6522686,0.035931233,-0.0982432,1,0,0.37682196
-0.13382354,-0.81475264,-0.3683478,0.18319596,1,1,0.24476616
-0.41713735,-0.62260544,0.07520702,-0.21113184,1,0,0.2370967
0.30883858,3.4241161,0.07824926,0.24954706,1,1,0.9831722
-0.41713735,-0.62260544,0.07520702,-0.21113184,1,0,0.2370967
-0.047362763,0.08619906,0.095702246,-0.25205827,1,1,0.4723991
-0.53589666,0.12507644,0.04767489,-0.2332586,1,0,0.3567725
-0.44624606,-0.12228014,0.10612098,-0.16642796,0,0,0.34936553
-0.23217325,-0.7480016,-0.1865404,0.10951207,0,1,0.25918677
0.49731013,-0.21915065,0.15876418,0.070732504,1,1,0.62589824
-0.4890521,0.27243373,0.11291957,0.05787286,1,0,0.49029574
-0.06466597,-0.99860734,-0.42835313,0.1591487,1,0,0.20990895
-0.71963346,0.13126315,0.046962485,-0.18931815,1,1,0.3265737
-0.6134803,-0.5250336,0.059677944,-0.16578765,0,1,0.22485057
0.050196134,-0.095902495,0.014578983,0.10642523,1,0,0.5205638
-0.68167114,2.4380853,0.06715724,-0.099475786,1,0,0.84955287
1.7873092,-0.13436487,0.11366352,-0.0069346423,1,1,0.854044
-0.48254856,-0.25233373,-0.37714887,-0.17674367,1,0,0.21724874
-0.0012000198,-0.28699216,0.067836516,0.06874519,1,1,0.46391112
-1.6501687,-0.5035926,0.08452643,-0.00822458,0,0,0.11200167
0.7795325,-0.6977168,-0.40561703,0.07607263,1,1,0.4401076
0.4352089,-1.0092001,0.053982,0.015263316,1,1,0.37807143
-0.09820129,-0.026005823,0.015762584,0.14700505,1,1,0.5113891
0.38988423,-0.7544016,-0.4694663,0.14292692,1,0,0.33535734
1.3112837,-1.1106265,0.104420595,-0.06982547,1,1,0.5602697
-0.51833045,0.26785448,0.0929865,-0.03266948,0,1,0.4543388
0.6962107,-0.8385831,0.11057785,-0.012622253,0,0,0.49064773
-0.84032506,-0.016600527,0.046018835,-0.2833246,1,0,0.2521405
0.6142495,0.6400166,-0.40054563,-0.021920985,1,0,0.6982131
0.5509627,1.5791636,0.02866749,0.14568374,1,1,0.9098235
-0.24162245,0.7100825,0.047633264,0.10119004,1,0,0.6511929
-0.55932087,0.0028126093,-0.068882175,-0.15027943,1,0,0.31676766
-0.6627901,0.6120453,0.03043644,0.0092548365,0,0,0.4989876
0.19670732,-1.0199882,0.10673828,0.036177427,0,0,0.33774465
-0.09593769,0.18520777,0.112232625,0.06942364,0,1,0.5690387
1.009619,-0.7063456,0.098187394,0.010238512,0,1,0.6031727
1.0889417,-0.6888656,0.12763251,-0.010019092,1,1,0.62824446
-0.7710398,-0.45827258,-0.22205526,-0.16315155,0,1,0.16693383
-0.83232594,-0.7184032,0.052543275,-0.05659034,1,0,0.17540826
0.57438964,0.08884395,0.07884678,-0.17973109,1,1,0.63861376
-1.1630567,0.7797952,0.070733756,0.069263436,1,0,0.4412079
0.1397793,1.3454995,-0.045905273,0.0622235,1,1,0.8188537
1.7873092,-0.13436487,0.11366352,-0.0069346423,1,1,0.854044
1.3112837,-1.1106265,0.104420595,-0.06982547,1,1,0.5602697
-0.13763916,0.2406077,0.12384075,-0.12894586,1,1,0.5261928
-1.4730033,1.8225874,0.13308585,-0.007446177,1,0,0.6182738
0.093062006,0.5712454,0.100389965,0.14540732,0,1,0.7144525
-0.040999603,1.6905459,-0.0010406009,0.120351955,1,0,0.8551851
0.19670732,-1.0199882,0.10673828,0.036177427,0,0,0.33774465
-0.5554356,-0.26698625,0.03379212,0.061183386,0,0,0.3272954
-0.13583182,-0.6302962,0.08707829,0.059361342,1,0,0.351447
-0.5208199,0.441838,0.0943873,0.10837757,1,0,0.53265023
0.047038183,-0.833158,-0.1284292,0.2352857,1,0,0.33799103
0.13293123,-0.89868236,0.08863294,-0.06040786,1,0,0.32508022
-0.09892617,-0.21272422,-0.014316908,0.09682603,1,0,0.44469282
-0.4223774,0.842587,0.12869425,-0.040711712,0,0,0.62602353
0.5002475,-0.9627575,0.18505132,-0.019278506,0,0,0.42806908
0.5069374,0.471051,0.038799718,0.11344204,1,1,0.7571714
0.19982484,-1.0481879,-0.6448644,-0.10644168,0,0,0.16900933
-0.7587536,-0.3996895,0.012380939,0.06492217,0,1,0.25461736
0.22474736,-1.1035895,-0.69523525,-0.40139523,1,0,0.12255363
0.1562961,1.1790562,-0.18681887,0.2873161,1,0,0.8088963
0.38016486,-0.43917578,-0.7654405,0.01093027,0,0,0.30863315
-0.011946609,0.6272936,0.06415936,-0.10486034,1,1,0.6414469
-0.57252365,-0.77221614,0.14976235,-0.03864045,0,0,0.22677469
0.6930009,-0.25117272,0.13639198,0.06499966,1,0,0.65706086
0.23336233,0.42945027,0.09120282,0.1441063,1,1,0.7120018
0.20272551,-0.60914284,-0.034875818,0.13841479,1,0,0.42656618
0.35331488,0.58124524,0.043521762,-0.45333964,1,1,0.6298901
0.63713586,1.0578693,0.06497591,0.057486817,1,1,0.8611019
1.009619,-0.7063456,0.098187394,0.010238512,1,1,0.6031727
0.007230181,0.30011442,-0.44381806,0.07352117,1,0,0.4860165
-1.0103807,1.5958389,0.10841316,0.048116658,1,1,0.678959
0.20216304,1.6498358,0.018526115,0.05471122,0,1,0.8734971
1.5572757,1.1378211,0.11297381,0.09228629,0,1,0.9482091
-0.58477867,0.49415073,0.07054018,0.03881194,1,1,0.5064318
0.36847934,0.58970934,-0.41399434,-0.16485356,0,1,0.5954024
0.7375384,0.6161819,0.0855161,0.14043096,1,1,0.83014727
-0.45558676,-0.23713762,0.065686375,0.053533114,0,0,0.3620446
-0.11116878,0.33598796,0.101265885,0.11904322,0,0,0.611146
-0.5279053,0.24221185,-0.016382406,0.14412962,1,0,0.46233585
0.22474736,-1.1035895,-0.69523525,-0.40139523,0,0,0.12255363
-0.026203178,1.081764,0.027759012,-0.033027418,1,0,0.7421735
0.14926195,-0.38211676,0.11628136,-0.036242984,1,0,0.46361125
0.5466731,0.30136907,0.07393397,-0.26505184,1,1,0.660142
0.029939314,0.15959533,-0.15059924,0.15730877,0,1,0.5506377
0.040780067,-0.24134362,0.02728478,-0.09165267,0,1,0.43587315
-0.13450429,-0.7975643,-0.12927197,0.29555118,0,0,0.31890994
-0.20156385,2.9552324,-0.044145547,0.044757567,1,1,0.9405475
-0.06107393,-0.77265155,0.13902073,-0.06442025,0,1,0.32035926
-0.53589666,0.12507644,0.04767489,-0.2332586,1,0,0.3567725
-0.4531806,0.29003242,0.08845694,-0.16989395,0,0,0.4408824
-0.6048648,-0.41779557,0.078343645,0.035789352,0,0,0.28873742
0.4103549,-0.7961327,0.17045256,0.117435694,1,0,0.4772942
0.06833248,0.37411773,0.10626795,0.046427548,1,0,0.64614785
0.29588315,1.8987015,0.1516161,0.017609142,1,1,0.9145744
0.85976523,-0.8135694,0.19789703,0.051352303,0,1,0.575041
-0.78362644,-0.11735399,-0.19855629,0.038671672,0,1,0.25848427
0.5509627,1.5791636,0.02866749,0.14568374,1,1,0.9098235
0.08512813,0.79338163,0.067569,-0.20981571,1,1,0.6777099
-0.22680709,-0.4700415,0.087842986,-0.12824081,0,1,0.32514152
-0.8601434,-0.09179833,0.023303932,0.06004437,0,1,0.29700723
0.7435797,-0.29097873,0.17862977,0.0137064,0,0,0.6574476
-0.09390452,3.4164796,0.008326881,0.14185469,1,1,0.9701064
-0.47610092,1.0320085,-0.0722017,0.23492734,0,1,0.673847
0.38750055,-0.24312195,0.04901813,0.026651803,0,1,0.5565205
0.047038183,-0.833158,-0.1284292,0.2352857,1,0,0.33799103
1.7873092,-0.13436487,0.11366352,-0.0069346423,1,1,0.854044
-0.94495857,-0.36794195,0.088949315,0.05992606,0,1,0.23920886
-0.06494203,-0.5670957,-0.01898694,0.030502085,0,0,0.3512569
-0.017137634,-1.0696884,-0.63769823,-0.22397155,0,0,0.1254842
-0.29946038,1.5930169,0.022345608,0.12190449,1,0,0.8091985
-0.8248983,-0.46898052,0.057270255,0.09108419,0,0,0.24259205
0.319092,-0.69131565,-0.31528315,-0.024109282,1,1,0.33079046
-0.014361701,0.5800938,0.058219407,0.05396457,1,1,0.66483593
-0.6357596,-0.40789607,0.115680754,-0.08980093,0,0,0.26682886
-0.15268259,-0.6367385,-0.2671769,-0.28643507,0,0,0.20816396
-0.15154943,-0.5060452,0.033911392,0.13577114,1,1,0.3820377
0.14926195,-0.38211676,0.11628136,-0.036242984,1,1,0.46361125
0.85976523,-0.8135694,0.19789703,0.051352303,1,1,0.575041
-0.6175842,-0.8202699,0.15004526,-0.06206459,0,1,0.20703852
-1.0520298,-0.48534098,0.077241406,-0.05978818,0,0,0.18050756
-0.04551022,0.4368074,0.09357369,0.14968456,1,1,0.65510577
-0.15596569,0.7208324,0.07393913,0.118002094,1,0,0.68218076
-0.22109774,0.5099414,-0.1338297,0.14920175,0,1,0.5771829
0.67371535,1.343766,0.079346895,0.1409667,1,1,0.9042009
3.494283,0.82962114,0.13350344,-0.010133445,1,1,0.98850495
-0.57252365,-0.77221614,0.14976235,-0.03864045,1,0,0.22677469
-0.6677963,-0.81700134,0.12934737,-0.17410958,0,0,0.1790855
-0.06466597,-0.99860734,-0.42835313,0.1591487,0,0,0.20990895
0.6367965,-0.5789338,0.11829599,0.031380866,0,1,0.553431
-0.44429916,-0.23078606,0.043648776,-0.1108299,0,0,0.32404086
-0.48857367,0.89014107,-0.03990437,0.08450414,1,1,0.61139286
-0.5231099,-0.8569635,0.081178136,0.05968959,1,1,0.22579618
0.49731013,-0.21915065,0.15876418,0.070732504,0,0,0.62589824
0.31967828,0.6404242,0.086794406,-0.39125368,0,1,0.6598546
-0.29195753,0.23964602,-0.21784467,0.08756998,1,1,0.45621675
0.6367965,-0.5789338,0.11829599,0.031380866,1,1,0.553431
-0.82889587,-0.13910812,-0.015838077,-0.10465265,0,0,0.2532241
-1.9678222,-0.5740668,0.054955732,-0.299966,0,1,0.05842022
-0.13583182,-0.6302962,0.08707829,0.059361342,1,0,0.351447
-0.3112519,-0.63056785,0.0227261,0.0892565,0,0,0.3051625
0.21874169,-0.9867566,0.062258393,0.13217783,0,0,0.36202765
-0.2621813,-0.68315387,-0.08765478,0.16543195,0,0,0.2972234
-2.4600935,-0.6527433,0.108354904,0.03832602,0,0,0.049305763
-0.19123973,-0.50094634,0.11053101,-0.012273481,1,0,0.35734078
0.6962107,-0.8385831,0.11057785,-0.012622253,1,1,0.49064773
1.1731296,1.1176656,0.054803766,0.07716605,1,1,0.91906935
0.9865906,0.12402607,0.11314843,-0.01359934,0,1,0.77156514
0.45849633,-0.795105,-0.14132716,0.11949898,0,0,0.4130348
-0.22105208,3.7029748,0.0011624296,0.15404046,1,0,0.97452193
0.2455198,-0.69992083,0.056827888,-0.14765896,1,0,0.36859983
0.49731013,-0.21915065,0.15876418,0.070732504,1,1,0.62589824
-0.12743819,-0.8839565,-0.16773024,0.16056077,1,0,0.26667446
-0.858109,-0.3518381,-0.5328539,-0.09931683,1,0,0.13763016
-0.57734865,-0.20117591,0.10069287,-0.02542074,0,1,0.33264455
-1.629023,-1.0040509,-0.14347127,0.19872822,1,0,0.07104075
-0.19123973,-0.50094634,0.11053101,-0.012273481,0,1,0.35734078
-0.6843656,-0.23163809,0.020539783,-0.09994298,1,0,0.2712274
0.9865906,0.12402607,0.11314843,-0.01359934,1,0,0.77156514
0.07818635,-0.09893902,0.033009727,0.08818461,1,0,0.52683556
-0.48857367,0.89014107,-0.03990437,0.08450414,1,1,0.61139286
0.29711354,-0.6039781,-0.79859567,-0.0074287374,1,0,0.24863881
-0.684343,0.2593698,0.065845504,-0.13445069,1,1,0.38070077
-0.064056456,-0.50179166,-0.5100568,0.0438042,1,0,0.26403582
0.19670732,-1.0199882,0.10673828,0.036177427,1,0,0.33774465
-0.17644203,-0.4882017,0.13418184,0.031419523,1,1,0.37941343
-0.8932323,-0.36532015,-0.020763338,0.12028306,0,1,0.2401188
-0.2778992,0.61530644,0.15192488,-0.060601138,1,1,0.60724217
-0.060820278,1.3110691,-0.24547915,-0.018426284,0,1,0.72974867
0.85976523,-0.8135694,0.19789703,0.051352303,1,1,0.575041
-0.24267258,-0.8427063,0.03627781,0.120303825,0,0,0.28459266
0.18343705,-0.8779736,0.16766328,-0.07667316,1,1,0.35513508
-0.25365737,-0.24788699,0.13905741,0.032556046,0,0,0.4199625
-0.27541897,1.2971193,0.071505785,0.06285392,1,1,0.76188886
0.13293123,-0.89868236,0.08863294,-0.06040786,1,0,0.32508022
0.7470881,0.82690436,0.10822145,0.23221144,0,1,0.8722979
0.1922007,-0.17737488,-0.04831163,-0.2468822,1,1,0.4320813
0.054387443,0.86553395,0.016811337,0.07385921,0,1,0.734504
-0.19123973,-0.50094634,0.11053101,-0.012273481,0,1,0.35734078
1.0889417,-0.6888656,0.12763251,-0.010019092,0,0,0.62824446
-0.81474936,-0.5855291,0.071704715,-0.090282924,0,0,0.19594197
-1.1267956,1.2064282,0.06883465,-0.034734022,1,0,0.5301476
0.012757649,-0.27433836,0.09884695,-0.14210397,0,0,0.42608708
-0.6794129,0.78774273,-0.026387684,-0.03522588,1,1,0.5134268
-0.64021677,0.88364303,0.049091473,-0.1540965,1,0,0.5362923
-0.17172574,1.5449964,0.13299537,0.0014668978,1,1,0.8197622
0.6962107,-0.8385831,0.11057785,-0.012622253,1,1,0.49064773
-0.42952716,-0.46845433,-0.56757146,0.024040444,0,0,0.19239722
0.22493117,1.840057,-0.78844774,0.06391539,1,1,0.7937139
0.16736285,0.7659524,0.05124248,0.04995185,1,1,0.739142
-0.31359285,-0.20925571,-0.024913482,-0.035783876,0,0,0.35972852
0.012757649,-0.27433836,0.09884695,-0.14210397,0,0,0.42608708
-0.15364973,-0.77030873,-0.26609206,-0.3354692,0,1,0.17968029
-0.09593769,0.18520777,0.112232625,0.06942364,0,1,0.5690387
-0.34063706,-0.47858492,-0.003132398,0.07849296,1,0,0.3236916
-0.76422656,0.72533816,0.048641928,0.04764367,1,1,0.51609474
-0.06466597,-0.99860734,-0.42835313,0.1591487,1,0,0.20990895
0.599559,0.56793416,0.053758558,0.044528462,1,1,0.7812192
-0.70013845,-0.28575522,-0.06436636,0.15368296,1,0,0.29119784
1.7873092,-0.13436487,0.11366352,-0.0069346423,1,1,0.854044
-0.010413269,-0.5463979,0.044387504,0.1940939,1,1,0.4227911
-0.47728306,0.6223344,0.009999376,0.026636664,1,1,0.54703337
0.14926195,-0.38211676,0.11628136,-0.036242984,0,0,0.46361125
-0.6510333,-0.215219,0.08607349,0.2012076,0,1,0.3607828
-0.34247705,-0.20830594,-0.19401088,0.11323297,0,1,0.34874558
0.20107958,-1.0187922,-0.22912185,0.32360008,0,0,0.32822368
-0.4415325,0.14026232,0.088857695,0.13154852,1,0,0.48154333
0.15285149,-0.20653306,0.011300728,-0.012053229,1,1,0.48814467
0.3435779,1.2831683,0.040598627,-0.111941636,0,1,0.8266985
0.053764485,-0.7955897,0.09295847,0.020308819,1,0,0.3494281
0.09855305,-0.7290691,0.1751096,-0.0344829,0,1,0.381571
-2.522042,0.021662936,0.051841,-0.04731545,0,0,0.076643534
0.13293123,-0.89868236,0.08863294,-0.06040786,0,0,0.32508022
2.4245512,-0.9308807,-0.58305436,0.003183633,0,1,0.71520597
0.2975834,-0.3412796,-0.44674587,0.1052476,1,1,0.4065632
-1.6123487,0.89994174,-0.07293363,-0.18684912,1,0,0.27584103
0.4352089,-1.0092001,0.053982,0.015263316,1,0,0.37807143
-0.46214953,0.27185088,0.09180785,0.09583095,0,0,0.50108594
-0.24267258,-0.8427063,0.03627781,0.120303825,1,0,0.28459266
1.0889417,-0.6888656,0.12763251,-0.010019092,1,0,0.62824446
-0.21108478,-0.7668218,-0.3025807,-0.27221072,0,0,0.17570919
0.98842394,0.21624427,0.021605112,0.026096027,0,0,0.77891827
-0.34063706,-0.47858492,-0.003132398,0.07849296,0,1,0.3236916
-0.06107393,-0.77265155,0.13902073,-0.06442025,0,0,0.32035926
1.4805709,0.7986562,0.07228477,0.11225514,0,0,0.9220672
0.8306198,0.7204603,0.04488797,0.21580881,1,1,0.86041975
-0.58202994,-0.8339293,0.17073849,-0.098810904,1,0,0.20799924
-0.031700592,-0.767151,0.0044162106,0.026821867,0,1,0.3185139
-0.81474936,-0.5855291,0.071704715,-0.090282924,0,0,0.19594197
-0.017137634,-1.0696884,-0.63769823,-0.22397155,0,0,0.1254842
-0.86193675,-0.46542242,0.029045215,-0.31124103,0,0,0.16762546
-0.4340606,-0.6510964,0.07923024,-0.13313201,0,0,0.24378218
0.35588565,-0.17738368,-0.011709248,0.19974993,1,0,0.5923155
0.49731013,-0.21915065,0.15876418,0.070732504,1,0,0.62589824
-0.47300574,-0.82568413,0.12966406,-0.20960952,0,0,0.20235643
-0.6248666,-0.6723731,-0.04438173,-0.07761769,0,0,0.19588166
-0.29946038,1.5930169,0.022345608,0.12190449,1,1,0.8091985
-0.047362763,0.08619906,0.095702246,-0.25205827,0,1,0.4723991
-0.49616072,0.12715508,0.1212047,0.023184353,1,1,0.44581053
0.6930009,-0.25117272,0.13639198,0.06499966,0,0,0.65706086
-0.24584764,2.9330409,0.070677236,-0.3299567,1,1,0.9194515
0.26151016,1.0524206,0.034812618,-0.045664962,1,0,0.78752697
0.075131446,-0.59494257,-0.48860812,-0.052511763,1,0,0.25847167
-0.39308333,1.2700106,-0.012218824,-0.037872937,1,1,0.697166
-0.2599281,-0.22077164,0.07700778,0.11594977,1,0,0.43027267
0.15285149,-0.20653306,0.011300728,-0.012053229,0,1,0.48814467
-0.31845096,0.2900545,0.057208955,-0.33218265,0,1,0.42644596
0.6930009,-0.25117272,0.13639198,0.06499966,1,0,0.65706086
0.6400123,0.5410973,0.10616212,0.0938008,1,1,0.80028504
-0.15376857,2.3166487,-0.0005292462,0.11212675,1,1,0.9073317
0.36385903,-0.11757828,-0.02359155,0.12071992,1,1,0.5867176
-0.34063706,-0.47858492,-0.003132398,0.07849296,0,0,0.3236916
-1.5608538,-1.0071687,0.11154094,0.0668373,0,0,0.084505975
1.0092992,-0.034436546,0.092659764,0.008769652,0,0,0.7471172
0.6367965,-0.5789338,0.11829599,0.031380866,1,0,0.553431
0.19922099,1.3210713,0.042664286,-0.050179634,0,1,0.8205061
-0.13450429,-0.7975643,-0.12927197,0.29555118,0,1,0.31890994
-0.8326778,-0.73656195,0.04758308,0.042638145,0,0,0.18663661
-0.4700649,1.6846788,0.12297526,0.16946813,1,0,0.81966215
0.3635513,-0.79011506,0.037445754,0.069952466,1,0,0.42258713
-0.8757535,0.88639593,-0.034738358,-0.111741036,0,0,0.4678362
-0.6225306,0.32415566,0.11950359,-0.18601876,0,0,0.4114715
0.7329871,2.5191336,0.12659325,-0.03352893,0,1,0.9661764
-0.32626644,1.650792,0.07042139,-0.34550634,0,0,0.74201035
-0.13382354,-0.81475264,-0.3683478,0.18319596,0,1,0.24476616
0.12662324,0.26870763,0.080843784,-0.21511135,0,1,0.56661826
-0.3950236,-0.5472023,0.08744308,-0.20728311,0,0,0.25825435
0.17599103,-0.63600343,0.06299817,0.006737599,0,0,0.4053377
0.2455198,-0.69992083,0.056827888,-0.14765896,1,0,0.36859983
1.009619,-0.7063456,0.098187394,0.010238512,1,0,0.6031727
-0.590297,0.17298694,0.079909675,0.08106396,1,1,0.43798777
0.16736285,0.7659524,0.05124248,0.04995185,1,1,0.739142
0.34250858,1.5276856,0.0008676184,-0.020540893,0,1,0.8650082
0.65621793,0.7042765,-0.27680352,0.0053148153,1,0,0.7495118
-0.4200901,-0.5200464,0.07020248,-0.10054005,0,0,0.27618417
-0.4431761,0.63102955,0.013930834,-0.01538003,1,0,0.54820186
1.2213167,0.6231316,0.11043555,-0.025531612,0,1,0.87395126
0.21874169,-0.9867566,0.062258393,0.13217783,1,1,0.36202765
0.17697032,-0.4764608,0.07335443,0.10302848,0,0,0.47100657
0.050841693,0.9253152,-0.024985343,0.09614787,1,1,0.74160427
-0.0989162,-0.48746675,0.11391404,-0.06032093,0,0,0.3715002
-0.5162623,1.4748322,0.10172992,0.15073067,1,1,0.7717172
0.98842394,0.21624427,0.021605112,0.026096027,1,1,0.77891827
-0.8336312,1.3201565,-0.68898857,0.10568349,1,0,0.47757104
-0.4890521,0.27243373,0.11291957,0.05787286,1,0,0.49029574
-0.4431761,0.63102955,0.013930834,-0.01538003,0,1,0.54820186
0.29711354,-0.6039781,-0.79859567,-0.0074287374,0,0,0.24863881
-0.45867318,0.6347942,0.051352147,0.035522588,0,0,0.5670929
-0.83965117,0.7733429,-0.04970533,-0.030297227,1,1,0.4652294
0.08946988,0.1435367,-0.08150916,0.11303506,0,1,0.56746995
-0.43792778,0.4094876,0.09600766,-0.044717338,1,1,0.5074629
-0.9018594,-0.4259505,0.00690097,-0.10979414,0,0,0.19408245
-1.0828203,-0.5148225,0.094906986,-0.0042152144,1,1,0.18243329
2.9989867,-1.0242558,-0.58316725,0.14697006,1,1,0.82426846
-0.14111634,0.36936766,0.059061885,0.14321148,1,1,0.60766995
-1.0345501,-0.40863645,0.029013632,-0.2169787,0,0,0.16463377
1.0092992,-0.034436546,0.092659764,0.008769652,1,1,0.7471172
-0.5834931,-0.7150706,-0.2320834,0.08908738,1,1,0.19238976
0.18343705,-0.8779736,0.16766328,-0.07667316,1,0,0.35513508
0.38750055,-0.24312195,0.04901813,0.026651803,1,1,0.5565205
-0.22109774,0.5099414,-0.1338297,0.14920175,1,1,0.5771829
-0.71070486,-0.2366304,-0.1109871,0.14656337,1,1,0.28807414
-0.41713735,-0.62260544,0.07520702,-0.21113184,0,0,0.2370967
0.6367965,-0.5789338,0.11829599,0.031380866,1,1,0.553431
-0.16522463,0.06548038,0.030707384,0.15616909,1,0,0.52351665
0.19801725,2.2537138,0.10469914,0.005127006,1,1,0.92881054
-2.7201478,-0.6807457,-0.29964113,0.051328104,1,0,0.0255259
-1.9050686,3.4574435,-0.027531559,0.07268519,1,1,0.8326509
0.21294686,0.9816887,-0.2879507,-0.4176922,0,0,0.6215181
-0.086064786,-0.90025806,0.06685079,0.04920561,0,1,0.29665807
0.7795325,-0.6977168,-0.40561703,0.07607263,1,1,0.4401076
-1.3314748,-0.9240224,-0.36726263,0.17131639,0,1,0.079846226
0.6645363,-0.36791942,0.17615461,-0.13273136,1,0,0.58590055
-1.5875489,-1.0603253,0.14109361,0.028943563,0,0,0.07792849
1.2616969,0.59143806,0.09567064,0.112422414,1,0,0.887777
-0.6634596,0.81234306,0.039838377,0.023747733,1,0,0.5546493
0.38988423,-0.7544016,-0.4694663,0.14292692,0,1,0.33535734
0.19337529,0.8201315,0.017113177,0.04347875,1,1,0.7467026
0.17697032,-0.4764608,0.07335443,0.10302848,1,1,0.47100657
-0.7356235,0.9017274,0.04292508,0.009178015,1,1,0.556066
0.98842394,0.21624427,0.021605112,0.026096027,1,1,0.77891827
-1.1302532,-1.0738679,0.05441395,0.25170073,1,0,0.13113008
-0.39117151,0.21907498,-0.20818023,-0.029845558,0,0,0.40056318
-0.5913445,2.3031976,0.091990314,0.077627584,1,0,0.8685813
0.27979657,2.8089154,0.07126896,0.30901822,1,1,0.96999717
0.19670732,-1.0199882,0.10673828,0.036177427,0,0,0.33774465
0.7775865,0.68986833,0.060531773,0.18812318,1,1,0.84852946
-0.4162561,-0.5605729,-0.0035320786,0.11256923,0,0,0.2971747
-0.92035514,0.35050252,0.09468742,-0.10194647,1,1,0.36121187
1.009619,-0.7063456,0.098187394,0.010238512,1,0,0.6031727
-0.06107393,-0.77265155,0.13902073,-0.06442025,1,0,0.32035926
-0.62928295,1.0287557,0.013588642,-0.022580732,1,0,0.59808326
0.47350416,1.0469946,0.025239697,-0.12553708,1,1,0.80646557
-0.4200901,-0.5200464,0.07020248,-0.10054005,1,0,0.27618417
0.008976864,0.34072956,0.06274938,0.06875887,1,1,0.61968666
-0.47680375,2.3514485,-0.00629491,0.054767046,1,1,0.873263
-0.66823757,-0.81050533,-0.3376675,0.22859274,1,0,0.17068028
-0.8130132,-1.0188575,-0.49619934,-0.09393525,1,0,0.08203579
1.0889417,-0.6888656,0.12763251,-0.010019092,1,0,0.62824446
-0.32086465,3.8269122,-0.19510397,-0.14042246,0,1,0.9599797
0.6930009,-0.25117272,0.13639198,0.06499966,1,0,0.65706086
-0.41521117,-0.80001384,-0.6541826,-0.328711,0,0,0.10055133
-1.3796254,-0.26262733,0.0046063303,-0.07792991,0,1,0.1533489
-0.42163578,-0.2104852,-0.0047119213,0.1438794,0,0,0.3808482
0.49731013,-0.21915065,0.15876418,0.070732504,0,0,0.62589824
0.18343705,-0.8779736,0.16766328,-0.07667316,1,1,0.35513508
0.6962107,-0.8385831,0.11057785,-0.012622253,0,1,0.49064773
-0.15268259,-0.6367385,-0.2671769,-0.28643507,0,0,0.20816396
-0.8964121,0.38355994,-0.31804892,-0.01938961,1,0,0.30084273
0.36385903,-0.11757828,-0.02359155,0.12071992,1,0,0.5867176
-0.8967314,1.2090273,0.024224054,-0.15608811,1,1,0.54672235
0.7795325,-0.6977168,-0.40561703,0.07607263,0,0,0.4401076
0.19982484,-1.0481879,-0.6448644,-0.10644168,0,0,0.16900933
0.3635513,-0.79011506,0.037445754,0.069952466,1,0,0.42258713
-0.27636176,-0.7095819,-0.4964972,-0.009857207,1,0,0.18462895
-0.4667543,0.80449617,0.024737481,-0.021701569,0,1,0.58607954
1.3112837,-1.1106265,0.104420595,-0.06982547,1,1,0.5602697
0.2975834,-0.3412796,-0.44674587,0.1052476,0,1,0.4065632
0.7674175,0.35040414,0.12610577,-0.05335251,1,0,0.768094
-0.62582856,-0.29843938,0.0698573,-0.14289294,1,1,0.27085298
0.20272551,-0.60914284,-0.034875818,0.13841479,0,0,0.42656618
0.17697032,-0.4764608,0.07335443,0.10302848,1,1,0.47100657
0.57438964,0.08884395,0.07884678,-0.17973109,1,1,0.63861376
0.36385903,-0.11757828,-0.02359155,0.12071992,1,0,0.5867176
0.06455987,-0.2493988,0.102120936,0.07896445,1,0,0.50081253
-0.107048936,-0.15967833,-0.07629913,0.04040005,0,0,0.42662778
0.37973154,0.43736634,-0.042143825,-0.27703783,1,1,0.6236149
0.53762746,1.1305883,0.0588695,0.06807726,0,1,0.8584126
-0.45282322,0.298353,0.10725513,-0.097742364,0,0,0.4655662
-0.017137634,-1.0696884,-0.63769823,-0.22397155,0,0,0.1254842
0.2455198,-0.69992083,0.056827888,-0.14765896,1,1,0.36859983
0.40120554,0.07239734,-0.19872397,-0.086005405,0,1,0.54881334
-0.040927127,1.3744442,0.07831658,0.046469375,0,1,0.812343
-0.88918096,-0.46780863,0.10944921,0.02015822,1,0,0.22786996
0.27742025,0.68310356,-0.0031014546,-0.2299616,1,1,0.67578423
-0.5394851,0.21430396,0.06733575,-0.16426532,1,0,0.3976883
-0.031700592,-0.767151,0.0044162106,0.026821867,1,0,0.3185139
-0.4976857,0.45760393,0.07473743,0.16941603,1,1,0.55257374
-0.9109426,1.340688,0.00038903212,-0.09560622,0,0,0.5845627
0.6400123,0.5410973,0.10616212,0.0938008,1,1,0.80028504
0.08512813,0.79338163,0.067569,-0.20981571,0,1,0.6777099
0.35588565,-0.17738368,-0.011709248,0.19974993,1,1,0.5923155
-0.4459638,-0.7556824,0.03417928,0.16883446,0,0,0.27059036
-1.5581135,-0.6624254,0.13969892,-0.14481358,1,0,0.09808816
-0.14342332,-0.96132743,-0.67165375,-0.2570523,0,0,0.11645356
-0.26195088,-1.0082898,-0.59041744,-0.32682127,1,1,0.10151753
-1.4715929,1.5190634,0.087468736,0.18045643,1,0,0.57990885
-0.4126947,0.20293152,0.026581738,0.08399361,1,0,0.4769703
0.15285149,-0.20653306,0.011300728,-0.012053229,1,0,0.48814467
0.7795325,-0.6977168,-0.40561703,0.07607263,0,0,0.4401076
0.20272551,-0.60914284,-0.034875818,0.13841479,1,0,0.42656618
0.15285149,-0.20653306,0.011300728,-0.012053229,1,0,0.48814467
0.5509627,1.5791636,0.02866749,0.14568374,0,1,0.9098235
-1.0828203,-0.5148225,0.094906986,-0.0042152144,1,0,0.18243329
-0.06107393,-0.77265155,0.13902073,-0.06442025,1,0,0.32035926
2.3616333,1.0350614,0.09344029,-0.021216083,1,1,0.9699948
-0.5265385,0.2885208,-0.12329429,0.036023878,0,1,0.4210938
0.5139465,0.6049594,0.05107037,0.30475733,1,1,0.8148349
0.8306198,0.7204603,0.04488797,0.21580881,0,1,0.86041975
-0.45558676,-0.23713762,0.065686375,0.053533114,1,1,0.3620446
-0.87720996,-0.8004274,0.03367786,0.074451655,1,0,0.17328762
0.6930009,-0.25117272,0.13639198,0.06499966,1,0,0.65706086
-0.6828306,-0.6150669,0.03537209,0.008574354,0,0,0.22322899
-1.2102082,-0.45031896,0.008691933,0.12106041,0,0,0.17890695
-0.06494203,-0.5670957,-0.01898694,0.030502085,0,0,0.3512569
0.2981417,0.68835485,-0.36164,-0.4548893,0,0,0.54412764
-0.06494203,-0.5670957,-0.01898694,0.030502085,1,1,0.3512569
0.86017096,0.5335429,0.064902194,-0.020430181,1,1,0.8092572
1.3112837,-1.1106265,0.104420595,-0.06982547,0,1,0.5602697
0.86017096,0.5335429,0.064902194,-0.020430181,1,1,0.8092572
0.16736285,0.7659524,0.05124248,0.04995185,0,0,0.739142
-0.014361701,0.5800938,0.058219407,0.05396457,0,0,0.66483593
0.24294724,3.6318016,-0.09168046,0.16951187,0,1,0.9812858
0.4352089,-1.0092001,0.053982,0.015263316,1,1,0.37807143
-0.06572577,-0.40782824,0.089362934,-0.06986185,1,1,0.3900625
-0.2216672,-0.6589039,-0.3439875,-0.33716732,0,0,0.17440544
-0.7360482,1.6677126,0.08286473,0.10595637,0,0,0.75537527
-0.59505415,1.4312532,0.023155697,-0.15771863,1,1,0.6701005
-1.5437046,-0.22513448,0.011489696,-5.8107587e-05,1,1,0.14799643
0.012757649,-0.27433836,0.09884695,-0.14210397,1,0,0.42608708
0.1577688,-0.16032398,0.081259646,0.083729364,0,0,0.5422583
0.7775865,0.68986833,0.060531773,0.18812318,1,0,0.84852946
0.79514694,0.86545813,0.06181144,-0.094629295,1,1,0.8368251
-0.72206527,1.1643728,0.013795972,0.038768552,1,0,0.62290007
0.008976864,0.34072956,0.06274938,0.06875887,1,1,0.61968666
-0.086064786,-0.90025806,0.06685079,0.04920561,0,1,0.29665807
-0.0132698985,2.4806879,0.0700725,0.26674443,1,1,0.94328
0.05296821,-0.046830527,0.0946167,0.11780621,0,1,0.5561532
-0.6175842,-0.8202699,0.15004526,-0.06206459,0,0,0.20703852
0.076050125,0.3253501,0.061840825,-0.30651215,1,0,0.54084194
-0.8048721,-0.1706116,0.06594357,0.1322977,1,1,0.31642738
0.120755516,1.2854097,0.05410202,0.018946614,1,1,0.81551
0.6367965,-0.5789338,0.11829599,0.031380866,1,1,0.553431
0.29711354,-0.6039781,-0.79859567,-0.0074287374,0,0,0.24863881
-1.9303174,-0.7895257,0.04395029,-0.16685,1,0,0.055423252
0.49731013,-0.21915065,0.15876418,0.070732504,0,1,0.62589824
-0.61209023,-0.8938762,0.016707579,0.028527351,0,1,0.18942845
0.14926195,-0.38211676,0.11628136,-0.036242984,1,0,0.46361125
-0.26074642,1.1427666,0.09541057,0.23161747,1,1,0.77136797
-0.87720996,-0.8004274,0.03367786,0.074451655,1,0,0.17328762
0.22143838,0.49844962,0.11782729,0.0667999,0,1,0.7133109
-0.629097,0.70022184,-0.022724342,0.0015320443,1,1,0.51423025
0.14926195,-0.38211676,0.11628136,-0.036242984,1,0,0.46361125
-0.066805065,0.31750903,0.09679798,-0.12849171,1,1,0.5562642
-1.2917913,-1.1586415,-0.2650125,-0.094748765,0,0,0.057152025
-0.5459834,-0.4243746,-0.34368357,-0.08016733,0,0,0.19985418
-0.14342332,-0.96132743,-0.67165375,-0.2570523,1,0,0.11645356
-0.4003914,2.6381161,0.10889443,-0.63049763,1,0,0.848531
-2.1552837,-0.33431637,0.04780496,-0.39588833,1,1,0.055688694
1.009619,-0.7063456,0.098187394,0.010238512,1,0,0.6031727
0.5002475,-0.9627575,0.18505132,-0.019278506,1,1,0.42806908
-0.19062428,-0.6454753,0.17519103,-0.09501112,1,1,0.3210576
-0.5172234,0.6817219,0.07419574,-0.10351259,1,1,0.5354866
-0.4189688,0.21600336,-0.020977866,-0.2112844,1,0,0.39455053
-0.07240054,0.2874877,0.09747458,0.043418325,1,1,0.58976257
-0.74400973,1.153657,0.065694675,0.18772349,1,1,0.66151863
-0.601608,0.19685616,0.06730212,0.054595508,0,0,0.43147138
-0.7101224,-0.26705387,0.05778806,0.016615868,0,0,0.28992072
-1.2641605,-0.2982946,0.038835954,0.20296706,0,0,0.21187697
0.26381847,0.93703586,0.0973743,0.2199857,1,0,0.82130545
0.21874169,-0.9867566,0.062258393,0.13217783,1,0,0.36202765
0.19670732,-1.0199882,0.10673828,0.036177427,1,0,0.33774465
-1.7719814,-0.835649,-0.05200776,0.09106586,0,0,0.07165323
0.6367965,-0.5789338,0.11829599,0.031380866,0,0,0.553431
0.36304915,1.15234,0.03609033,0.019600514,1,1,0.8289332
-0.1117585,-0.9720033,-0.51645017,-0.35415953,0,0,0.12484073
-0.44429916,-0.23078606,0.043648776,-0.1108299,1,1,0.32404086
0.4103549,-0.7961327,0.17045256,0.117435694,0,0,0.4772942
0.7660772,1.5317837,0.01597852,0.070431724,1,1,0.9161596
-0.34063706,-0.47858492,-0.003132398,0.07849296,1,0,0.3236916
-0.45607775,0.03937392,-0.054797888,0.20671582,0,0,0.43590897
-1.4728129,0.8763028,-0.006560056,0.135694,0,0,0.38689765
0.5939788,0.6577039,0.068687476,0.025068719,1,1,0.7945287
-0.26195088,-1.0082898,-0.59041744,-0.32682127,0,0,0.10151753
-0.086064786,-0.90025806,0.06685079,0.04920561,1,0,0.29665807
-0.5204228,0.13627873,0.060870335,0.100935176,0,0,0.4463733
-0.07240054,0.2874877,0.09747458,0.043418325,1,1,0.58976257
-0.45141086,0.16767053,0.02621317,-0.37661266,1,1,0.34816027
-0.48469645,0.3512978,0.043500017,0.029982885,1,1,0.48677516
0.29415524,1.3910022,0.082388334,-0.025765648,1,1,0.85179937
-0.3298381,-0.6560499,0.0016177157,-0.051946215,0,0,0.26323664
-0.12143676,-0.8390813,0.1548834,-0.08574651,0,0,0.29227144
0.49731013,-0.21915065,0.15876418,0.070732504,1,0,0.62589824
0.6930009,-0.25117272,0.13639198,0.06499966,1,0,0.65706086
-0.09133939,0.29098982,0.0826421,0.040826127,1,1,0.5817892
0.3145067,-0.1643455,-0.12517388,0.03364604,1,0,0.5164034
-0.09820129,-0.026005823,0.015762584,0.14700505,0,1,0.5113891
0.44793954,-0.18292224,0.12838252,-0.14790422,1,1,0.5627916
-0.17644203,-0.4882017,0.13418184,0.031419523,1,1,0.37941343
-0.09133939,0.29098982,0.0826421,0.040826127,1,0,0.5817892
-0.5769771,1.686743,0.0015574618,-0.11551663,0,0,0.73161066
1.0092992,-0.034436546,0.092659764,0.008769652,1,1,0.7471172
0.4277574,0.29441127,-0.32923266,-0.21580939,1,1,0.545903
-0.23670171,-0.058051962,0.13777068,-0.118059985,0,0,0.4333885
-0.06466597,-0.99860734,-0.42835313,0.1591487,1,0,0.20990895
-0.27369258,1.359973,0.0049681985,0.1572026,1,1,0.7782428
-0.06572577,-0.40782824,0.089362934,-0.06986185,0,0,0.3900625
-0.4469206,0.19411986,0.14172155,-0.0490447,0,0,0.4617945
0.058801547,1.3631381,0.05392165,0.014112083,1,1,0.8171231
-0.79990077,-0.90278006,-0.6370576,-0.3305383,0,0,0.06517577
-0.65403074,1.3812909,0.00413076,0.13920003,1,1,0.7063234
0.6367965,-0.5789338,0.11829599,0.031380866,0,1,0.553431
0.12341105,1.2762873,0.05526635,-0.032384392,0,1,0.8068365
-0.37459195,-0.21557851,0.07837236,0.085098505,1,0,0.3965895
0.35588565,-0.17738368,-0.011709248,0.19974993,0,0,0.5923155
-0.62288076,-0.85204136,0.05221887,0.032218788,1,0,0.2004504
0.08888058,-0.19245446,0.039118595,-0.1544252,1,0,0.44722804
-0.7141264,-0.39639372,0.02095328,0.12909018,0,0,0.27818686
-0.43475518,0.81567615,0.016362999,-0.26878062,1,1,0.53382504
0.090646364,0.2746222,0.09225464,-0.062247884,1,1,0.59923506
0.436136,0.8911384,-0.004719869,0.2393609,1,0,0.8276295
3.494283,0.82962114,0.13350344,-0.010133445,1,1,0.98850495
1.7259288,-1.1953589,-0.464888,0.23272115,1,1,0.5757638
-0.45282322,0.298353,0.10725513,-0.097742364,0,1,0.4655662
-0.031700592,-0.767151,0.0044162106,0.026821867,0,1,0.3185139
0.13831693,0.40674236,0.10495342,0.03743099,1,0,0.6669556
0.22143838,0.49844962,0.11782729,0.0667999,1,1,0.7133109
-0.8592689,0.1209541,-0.1111837,-0.016593155,0,0,0.2975298
-0.6828306,-0.6150669,0.03537209,0.008574354,0,0,0.22322899
0.44793954,-0.18292224,0.12838252,-0.14790422,1,0,0.5627916
-0.06814116,-0.4046518,-0.15639849,0.24700737,1,0,0.40728977
-0.72206527,1.1643728,0.013795972,0.038768552,1,1,0.62290007
0.9341522,0.49469757,0.10357625,-0.023278795,1,1,0.819971
-0.75603855,-0.1551637,0.111270845,0.05620767,0,1,0.3237218
-0.68120533,0.35619026,-0.010128073,0.06748104,1,0,0.435202
-0.017137634,-1.0696884,-0.63769823,-0.22397155,1,0,0.1254842
1.009619,-0.7063456,0.098187394,0.010238512,0,1,0.6031727
-0.3812605,-0.042885054,0.060662925,0.094501615,0,1,0.4348777
-0.010813611,-0.3554104,0.09572825,-0.3675079,1,0,0.34728384
-0.12743819,-0.8839565,-0.16773024,0.16056077,1,1,0.26667446
-1.2360878,-0.40002468,-0.66014796,-0.024226835,0,0,0.09001239
1.0092992,-0.034436546,0.092659764,0.008769652,1,1,0.7471172
0.6645363,-0.36791942,0.17615461,-0.13273136,1,1,0.58590055
-0.22292195,-0.3626874,0.060906403,0.071588404,1,0,0.39028582
-0.8932323,-0.36532015,-0.020763338,0.12028306,1,0,0.2401188
1.3112837,-1.1106265,0.104420595,-0.06982547,1,1,0.5602697
0.3704688,-0.33479458,0.09317633,0.1830406,1,1,0.57905483
-0.78929484,0.83382004,0.12030304,0.043296166,0,1,0.5535755
-0.5509557,0.23121792,0.06815895,0.048494566,1,0,0.4511364
-0.5617879,1.5972118,0.08155308,0.22449437,1,0,0.79388034
-0.44043216,-0.259513,0.07845132,0.062303152,1,0,0.3653571
-0.06494203,-0.5670957,-0.01898694,0.030502085,1,1,0.3512569
0.49731013,-0.21915065,0.15876418,0.070732504,1,0,0.62589824
0.31153193,1.642168,0.08265921,0.1496039,1,0,0.8996159
-0.6248666,-0.6723731,-0.04438173,-0.07761769,0,0,0.19588166
0.6367965,-0.5789338,0.11829599,0.031380866,0,0,0.553431
-0.086064786,-0.90025806,0.06685079,0.04920561,0,1,0.29665807
1.009619,-0.7063456,0.098187394,0.010238512,1,1,0.6031727
-0.0012000198,-0.28699216,0.067836516,0.06874519,0,0,0.46391112
-0.48254856,-0.25233373,-0.37714887,-0.17674367,1,0,0.21724874
0.30900446,0.9378913,0.022373136,0.050287183,0,1,0.7902712
0.46840373,0.5137573,-0.27693903,-0.19003943,1,1,0.62765884
-0.87256205,0.49171242,0.0745762,0.07168777,0,0,0.44334885
0.09855305,-0.7290691,0.1751096,-0.0344829,1,1,0.381571
-0.13382354,-0.81475264,-0.3683478,0.18319596,0,0,0.24476616
0.34250858,1.5276856,0.0008676184,-0.020540893,1,1,0.8650082
0.31967828,0.6404242,0.086794406,-0.39125368,0,0,0.6598546
0.37484413,0.5176892,0.037790254,0.21047679,1,1,0.75910956
0.054387443,0.86553395,0.016811337,0.07385921,1,1,0.734504
-0.19402589,-1.0123538,0.039399985,0.06018788,0,0,0.24977972
0.19922099,1.3210713,0.042664286,-0.050179634,1,1,0.8205061
0.6367965,-0.5789338,0.11829599,0.031380866,1,0,0.553431
-0.076969035,-1.0591471,-0.33062544,-0.21961863,0,0,0.15718086
-0.115871295,2.0596726,0.021404343,0.1341423,1,1,0.89151883
0.49731013,-0.21915065,0.15876418,0.070732504,1,0,0.62589824
0.6962107,-0.8385831,0.11057785,-0.012622253,1,0,0.49064773
0.4103549,-0.7961327,0.17045256,0.117435694,1,1,0.4772942
-0.39066255,0.25973433,0.068231165,-0.22476143,1,0,0.43034235
0.57438964,0.08884395,0.07884678,-0.17973109,1,1,0.63861376
-0.6922261,1.6375885,0.047784362,0.062218416,1,1,0.74314296
-1.9303174,-0.7895257,0.04395029,-0.16685,0,1,0.055423252
-1.313583,-0.7780707,0.017638078,0.05118713,0,1,0.117551476
-0.060820278,1.3110691,-0.24547915,-0.018426284,1,1,0.72974867
-1.3981239,0.2480257,0.045864467,0.20591876,0,1,0.2908391
0.7435797,-0.29097873,0.17862977,0.0137064,1,1,0.6574476
0.06455987,-0.2493988,0.102120936,0.07896445,1,0,0.50081253
-0.67406493,-0.4029904,0.10916102,0.04115965,0,1,0.28501266
0.06696715,0.34375906,0.10971092,-0.076406546,1,1,0.6108851
-0.34577557,-0.65388566,-0.01944411,0.03169635,1,1,0.2728113
-0.30725908,0.21048711,0.06266654,0.09749631,1,0,0.51759136
1.0889417,-0.6888656,0.12763251,-0.010019092,1,0,0.62824446
-0.5049976,0.5623531,0.106961444,0.14009659,1,1,0.57723117
-0.6843656,-0.23163809,0.020539783,-0.09994298,0,0,0.2712274
1.0889417,-0.6888656,0.12763251,-0.010019092,1,0,0.62824446
-0.6627901,0.6120453,0.03043644,0.0092548365,0,1,0.4989876
0.13293123,-0.89868236,0.08863294,-0.06040786,0,0,0.32508022
0.054387443,0.86553395,0.016811337,0.07385921,1,1,0.734504
-0.90292406,1.0855801,0.06842202,-0.24124725,1,1,0.50420856
0.37484413,0.5176892,0.037790254,0.21047679,0,1,0.75910956
-0.03628735,3.6113968,0.022506068,0.25798443,1,1,0.97941923
1.0186282,0.7600825,-0.17483397,0.22706166,1,0,0.8627052
-1.5875489,-1.0603253,0.14109361,0.028943563,1,0,0.07792849
0.21874169,-0.9867566,0.062258393,0.13217783,0,0,0.36202765
0.48583597,0.75073344,0.07982902,0.10901861,1,1,0.8072783
-0.040927127,1.3744442,0.07831658,0.046469375,1,1,0.812343
-0.5231099,-0.8569635,0.081178136,0.05968959,1,0,0.22579618
-0.32911602,1.9950424,-0.010298938,0.1759618,1,1,0.86278224
-1.710433,-0.15129484,-0.021605987,-0.3172669,1,1,0.10032703
0.27239624,0.42284694,-0.00941398,-0.24256782,1,0,0.6107023
-0.50848234,0.6225148,-0.00023970276,0.025491232,0,0,0.53650707
-0.44429916,-0.23078606,0.043648776,-0.1108299,0,0,0.32404086
0.3635513,-0.79011506,0.037445754,0.069952466,0,0,0.42258713
0.5939788,0.6577039,0.068687476,0.025068719,0,1,0.7945287
0.21299458,1.4917023,-0.24163374,-0.060476802,1,1,0.80370146
0.07818635,-0.09893902,0.033009727,0.08818461,0,0,0.52683556
-0.3950236,-0.5472023,0.08744308,-0.20728311,0,1,0.25825435
-1.5875489,-1.0603253,0.14109361,0.028943563,0,1,0.07792849
-0.7481039,-0.48194528,0.066054866,-0.120372556,1,0,0.2179995
-0.8591244,0.68446416,0.013331941,0.09953224,0,0,0.48630536
1.009619,-0.7063456,0.098187394,0.010238512,1,0,0.6031727
0.6962107,-0.8385831,0.11057785,-0.012622253,0,0,0.49064773
-0.27204654,-0.58521223,0.012754892,0.006499792,1,0,0.3034336
-0.11489015,-0.03701953,0.096696354,-0.21931829,0,1,0.43351406
-0.31161487,0.79305816,0.022059405,0.0015208034,0,1,0.6252815
0.120949455,-0.5183023,-0.32874843,-0.37074968,0,0,0.25164714
0.4691144,2.3348167,0.094195195,0.06459842,1,1,0.9511877
-0.45282322,0.298353,0.10725513,-0.097742364,1,1,0.4655662
-1.2360878,-0.40002468,-0.66014796,-0.024226835,0,0,0.09001239
-1.7459702,-0.30940336,0.003688565,0.10746669,1,0,0.12595415
0.025246527,-0.5252684,0.0778599,0.07508538,0,0,0.41579172
-0.15364973,-0.77030873,-0.26609206,-0.3354692,0,0,0.17968029
0.19670732,-1.0199882,0.10673828,0.036177427,0,1,0.33774465
0.6930009,-0.25117272,0.13639198,0.06499966,1,0,0.65706086
-0.71571594,-1.1233535,-0.2759775,0.18117633,0,0,0.1270978
-0.679363,0.21106045,0.042360887,-0.17947373,0,1,0.354707
0.17697032,-0.4764608,0.07335443,0.10302848,1,0,0.47100657
0.86017096,0.5335429,0.064902194,-0.020430181,1,1,0.8092572
-0.13583182,-0.6302962,0.08707829,0.059361342,0,0,0.351447
-0.58757967,-0.8360558,0.13681109,-0.046542305,1,1,0.20976168
0.6930009,-0.25117272,0.13639198,0.06499966,1,1,0.65706086
0.3704688,-0.33479458,0.09317633,0.1830406,0,1,0.57905483
-0.48254856,-0.25233373,-0.37714887,-0.17674367,1,0,0.21724874
-0.06466597,-0.99860734,-0.42835313,0.1591487,0,0,0.20990895
-0.045691848,-0.1876563,0.022956694,0.10171506,1,1,0.47460365
-0.5337572,-0.5356761,0.042634733,0.08320155,0,0,0.28158903
0.45849633,-0.795105,-0.14132716,0.11949898,0,0,0.4130348
-0.1282305,0.31841546,-0.39861432,0.15495911,0,1,0.48838544
-0.06466597,-0.99860734,-0.42835313,0.1591487,1,0,0.20990895
-0.5663109,0.026052775,-0.33119863,0.017429754,0,1,0.30005762
0.30482972,1.3002927,0.033758573,0.021913227,1,1,0.841282
0.14926195,-0.38211676,0.11628136,-0.036242984,1,0,0.46361125
0.35588565,-0.17738368,-0.011709248,0.19974993,0,1,0.5923155
-0.6175842,-0.8202699,0.15004526,-0.06206459,0,0,0.20703852
0.7470881,0.82690436,0.10822145,0.23221144,1,1,0.8722979
-0.058462083,0.24512428,0.103403986,0.07169993,1,0,0.5911617
-0.44944593,0.5424157,-0.25287274,-0.09109637,1,1,0.4393018
-0.08574485,-0.8608905,0.15611693,-0.2718888,0,0,0.25818878
-0.5337572,-0.5356761,0.042634733,0.08320155,1,0,0.28158903
-0.25365737,-0.24788699,0.13905741,0.032556046,0,0,0.4199625
-0.5808176,-0.20763807,0.11151218,-0.05002325,0,0,0.32740116
0.02935171,-0.22240523,0.071058586,-0.15659411,1,1,0.4325179
0.035576917,-0.31354246,0.1203358,0.057601415,1,0,0.47676057
-1.5163335,-1.0622709,0.03251863,-0.20038156,1,0,0.060684446
-0.6058428,1.5645442,0.09306048,0.041540764,1,1,0.7503175
-0.16191866,0.18697433,-0.34705138,0.057412703,1,0,0.43595883
1.0343572,-1.1089221,-0.44622427,-0.028202387,1,0,0.36772528
0.4181362,0.9249704,-0.020445185,0.15040004,1,1,0.81458247
-0.46448472,2.0401087,0.099008895,0.027243573,1,0,0.84669083
-0.44103283,-0.24890806,0.045331307,0.006042295,1,0,0.347156
-0.2879558,0.9477979,0.025466546,-0.0584715,1,0,0.6533598
-0.5994508,1.5115012,0.1052185,0.12301992,1,1,0.7590158
-0.13017213,1.9474921,0.03582373,0.14086214,1,1,0.88090295
-0.613165,0.19489615,0.07422009,0.15856522,0,0,0.4554981
-0.0012000198,-0.28699216,0.067836516,0.06874519,0,0,0.46391112
-0.6233614,1.1679444,-0.03635392,0.157415,0,0,0.6620958
0.52226526,3.0535827,0.08119003,0.30029038,1,1,0.98137283
0.18343705,-0.8779736,0.16766328,-0.07667316,0,0,0.35513508
0.22010754,0.511299,0.07176811,-0.1263747,0,1,0.66458714
0.559885,1.3774235,0.0049879607,0.010675835,1,1,0.8765303
0.050196134,-0.095902495,0.014578983,0.10642523,1,1,0.5205638
0.48506686,0.15136637,-0.52373725,0.048186768,1,0,0.5418732
0.120949455,-0.5183023,-0.32874843,-0.37074968,1,1,0.25164714
0.3704688,-0.33479458,0.09317633,0.1830406,0,0,0.57905483
-0.8266386,0.69591427,-0.022254733,0.06384793,1,0,0.47947967
0.2225766,0.7860056,0.058909826,0.015210464,1,1,0.7483264
-0.20510903,0.10564416,-0.2528682,0.14594649,1,1,0.4503187
-0.28810287,-0.49350113,-0.45317966,0.07773865,0,1,0.2404816
0.6367965,-0.5789338,0.11829599,0.031380866,0,0,0.553431
1.0889417,-0.6888656,0.12763251,-0.010019092,1,0,0.62824446
0.35588565,-0.17738368,-0.011709248,0.19974993,0,0,0.5923155
0.7435797,-0.29097873,0.17862977,0.0137064,1,1,0.6574476
0.54869,0.6348564,0.08245354,-0.0075176223,1,0,0.7799692
-0.91532725,-0.4347299,0.059842773,-0.16861065,1,0,0.18972158
-0.060874403,-0.8469014,0.037376255,0.03535949,1,0,0.30406046
0.027386254,-0.48750558,0.0014299038,-0.21582174,0,1,0.3390551
-0.6285073,2.8064985,0.08023348,0.1783062,1,1,0.9200873
0.41868582,-0.5579922,-0.3893658,0.19777864,1,0,0.41972795
0.5939788,0.6577039,0.068687476,0.025068719,0,0,0.7945287
-0.2896186,-0.5717396,-0.34042647,0.22753012,0,1,0.2754288
-0.5231099,-0.8569635,0.081178136,0.05968959,1,0,0.22579618
0.076050125,0.3253501,0.061840825,-0.30651215,1,0,0.54084194
0.8675814,0.45844972,-0.43791068,-0.27655196,0,0,0.6498939
-0.045691848,-0.1876563,0.022956694,0.10171506,1,0,0.47460365
-0.12743819,-0.8839565,-0.16773024,0.16056077,1,1,0.26667446
-0.54367197,-0.42282936,0.08481316,-0.07228378,1,0,0.27949497
-0.8248983,-0.46898052,0.057270255,0.09108419,0,0,0.24259205
-0.06107393,-0.77265155,0.13902073,-0.06442025,0,0,0.32035926
0.053764485,-0.7955897,0.09295847,0.020308819,0,1,0.3494281
-0.47300574,-0.82568413,0.12966406,-0.20960952,1,0,0.20235643
-0.7156634,1.0216191,-0.0003186916,0.105696715,1,0,0.60308534
0.093062006,0.5712454,0.100389965,0.14540732,0,1,0.7144525
-0.8034061,-1.0005662,-0.6554236,-0.33722448,0,0,0.05788789
0.29588315,1.8987015,0.1516161,0.017609142,0,0,0.9145744
-0.9810054,2.7202477,0.029561818,-0.13411544,1,0,0.83776534
0.6367965,-0.5789338,0.11829599,0.031380866,1,1,0.553431
0.4103549,-0.7961327,0.17045256,0.117435694,0,1,0.4772942
-1.7719814,-0.835649,-0.05200776,0.09106586,1,0,0.07165323
0.12341105,1.2762873,0.05526635,-0.032384392,0,1,0.8068365
0.13576616,0.516936,0.062369093,0.0096621625,1,1,0.67518646
-0.3950236,-0.5472023,0.08744308,-0.20728311,0,0,0.25825435
-0.94495857,-0.36794195,0.088949315,0.05992606,0,0,0.23920886
-0.19402589,-1.0123538,0.039399985,0.06018788,1,1,0.24977972
-0.34577557,-0.65388566,-0.01944411,0.03169635,0,0,0.2728113
1.009619,-0.7063456,0.098187394,0.010238512,0,1,0.6031727
0.3435779,1.2831683,0.040598627,-0.111941636,1,0,0.8266985
0.31558713,-0.7724149,-0.22495064,-0.17937215,1,1,0.29856366
0.0117920255,-0.22342372,0.06341424,0.048625614,0,1,0.47686952
0.4352089,-1.0092001,0.053982,0.015263316,1,0,0.37807143
-0.69967914,1.9801313,0.07059367,0.049646467,0,1,0.8034023
0.18343705,-0.8779736,0.16766328,-0.07667316,1,0,0.35513508
-0.94495857,-0.36794195,0.088949315,0.05992606,1,0,0.23920886
0.06833248,0.37411773,0.10626795,0.046427548,1,1,0.64614785
0.3128344,1.3734299,-0.05885558,0.030393764,1,1,0.8408821
0.4249383,-0.3510006,0.1067944,0.070167184,1,1,0.56412077
0.053764485,-0.7955897,0.09295847,0.020308819,0,1,0.3494281
-0.0046552755,-0.7173279,0.05959339,-0.04571302,0,0,0.33156857
0.1738222,0.47327423,0.102994815,0.05846359,1,1,0.6932928
0.7674175,0.35040414,0.12610577,-0.05335251,1,1,0.768094
0.2225766,0.7860056,0.058909826,0.015210464,0,0,0.7483264
-0.8326778,-0.73656195,0.04758308,0.042638145,0,0,0.18663661
-1.4728129,0.8763028,-0.006560056,0.135694,1,0,0.38689765
0.13251905,0.1482622,-0.030542366,-0.46675593,1,1,0.44781244
-0.9240926,1.5319048,0.009835534,-0.04938923,0,0,0.6399767
-0.26195088,-1.0082898,-0.59041744,-0.32682127,1,0,0.10151753
1.0343572,-1.1089221,-0.44622427,-0.028202387,0,1,0.36772528
-0.9138916,0.964456,0.1152431,0.033474647,1,1,0.5513893
0.054387443,0.86553395,0.016811337,0.07385921,1,1,0.734504
-0.25365737,-0.24788699,0.13905741,0.032556046,0,0,0.4199625
-0.79940933,0.68113685,0.05516137,-0.008606751,0,0,0.48382723
0.59235924,2.2303393,0.15527464,0.042976677,1,0,0.95382106
-0.14111634,0.36936766,0.059061885,0.14321148,1,1,0.60766995
-0.047362763,0.08619906,0.095702246,-0.25205827,1,0,0.4723991
-0.6184959,-0.5684473,0.09034711,-0.18925048,1,0,0.21774746
0.86017096,0.5335429,0.064902194,-0.020430181,1,1,0.8092572
0.85976523,-0.8135694,0.19789703,0.051352303,1,0,0.575041
-1.3808917,-0.1058051,0.035309296,-0.10793279,1,0,0.1747519
-0.69807774,0.89671946,0.08660507,-0.21696745,1,0,0.518812
-0.50925803,3.2086744,0.06957124,0.16824548,0,1,0.9499904
0.6962107,-0.8385831,0.11057785,-0.012622253,0,0,0.49064773
0.106280975,0.46470127,0.103762835,-0.4620625,1,1,0.5547017
0.17599103,-0.63600343,0.06299817,0.006737599,0,0,0.4053377
-0.5898771,-0.0036037134,0.010942301,0.1960756,0,0,0.40625727
0.7435797,-0.29097873,0.17862977,0.0137064,0,1,0.6574476
-0.017137634,-1.0696884,-0.63769823,-0.22397155,0,1,0.1254842
-0.033304386,4.0007825,-0.16033354,0.17780429,1,1,0.9818711
-0.14578131,0.41527933,0.078553684,0.114862345,0,1,0.6153643
-0.017137634,-1.0696884,-0.63769823,-0.22397155,0,0,0.1254842
0.6645363,-0.36791942,0.17615461,-0.13273136,0,0,0.58590055
-0.031700592,-0.767151,0.0044162106,0.026821867,0,0,0.3185139
-0.41713735,-0.62260544,0.07520702,-0.21113184,0,0,0.2370967
-0.14406885,-0.9400988,0.11761503,0.12180152,0,0,0.3020093
-0.12587549,1.5718389,0.045162898,0.17445983,1,1,0.84192085
0.109918885,0.9562261,0.010506527,0.10375846,1,1,0.7662782
1.2616969,0.59143806,0.09567064,0.112422414,0,1,0.887777
-0.2383272,-0.41610628,-0.31612214,-0.026185725,1,0,0.27096403
0.5509627,1.5791636,0.02866749,0.14568374,1,1,0.9098235
1.0996723,0.7325598,0.12837566,0.097602196,1,0,0.8874759
0.46079138,0.70828396,-0.35468328,0.100391716,1,0,0.71540624
0.19922099,1.3210713,0.042664286,-0.050179634,1,1,0.8205061
0.093062006,0.5712454,0.100389965,0.14540732,1,0,0.7144525
0.1738222,0.47327423,0.102994815,0.05846359,0,1,0.6932928
0.19455168,1.619588,0.046476107,0.03668008,1,1,0.8703774
0.027386254,-0.48750558,0.0014299038,-0.21582174,0,1,0.3390551
-0.34063706,-0.47858492,-0.003132398,0.07849296,0,1,0.3236916
0.98842394,0.21624427,0.021605112,0.026096027,0,0,0.77891827
-0.5976987,-0.20725536,-0.006143942,0.08118086,1,0,0.3267518
0.4352089,-1.0092001,0.053982,0.015263316,0,0,0.37807143
-1.6121945,-0.8373428,-0.007255477,-0.15772407,1,0,0.06865645
-0.3298381,-0.6560499,0.0016177157,-0.051946215,1,1,0.26323664
0.2979635,1.4568564,0.08346974,-0.017651351,1,1,0.8614807
0.3704688,-0.33479458,0.09317633,0.1830406,0,0,0.57905483
0.48583597,0.75073344,0.07982902,0.10901861,1,0,0.8072783
-0.24267258,-0.8427063,0.03627781,0.120303825,1,0,0.28459266
0.7267412,-0.62051713,0.056434408,-0.047940623,1,0,0.53039277
0.5466731,0.30136907,0.07393397,-0.26505184,0,0,0.660142
-0.65702367,0.648981,0.014929,0.12300385,1,0,0.5341702
-0.13382354,-0.81475264,-0.3683478,0.18319596,0,0,0.24476616
-0.010813611,-0.3554104,0.09572825,-0.3675079,1,1,0.34728384
-0.2664935,-0.30224368,0.09918895,0.1639428,0,0,0.42589936
-0.17787564,-0.31358784,0.043225303,-0.17806748,0,0,0.34994024
-0.6139107,-0.4438347,-0.027978562,0.11523886,1,1,0.27618173
-0.16338737,3.6296184,0.097278155,-0.103805326,1,0,0.96972543
0.6645363,-0.36791942,0.17615461,-0.13273136,1,0,0.58590055
-0.011946609,0.6272936,0.06415936,-0.10486034,0,0,0.6414469
0.022564005,0.4243037,-0.04804404,0.21037632,1,0,0.6493546
-0.94495857,-0.36794195,0.088949315,0.05992606,0,1,0.23920886
-0.06494203,-0.5670957,-0.01898694,0.030502085,1,0,0.3512569
0.5939788,0.6577039,0.068687476,0.025068719,1,1,0.7945287
-0.086064786,-0.90025806,0.06685079,0.04920561,1,1,0.29665807
-0.26094666,1.14524,0.18458027,0.083978355,1,0,0.76130646
-0.6843656,-0.23163809,0.020539783,-0.09994298,0,0,0.2712274
-0.6592341,0.7959259,0.029043654,0.05461137,1,1,0.5565942
0.26381847,0.93703586,0.0973743,0.2199857,1,0,0.82130545
0.3635513,-0.79011506,0.037445754,0.069952466,0,0,0.42258713
-1.0818218,0.8942476,0.035275985,-0.082747795,1,0,0.44323525
-0.26491097,-0.710921,-0.3641542,-0.40686613,0,0,0.14933233
-0.00145521,0.49684238,-0.3978769,0.18156163,1,1,0.57103515
-2.057398,1.5352128,0.037869435,-0.10370387,1,1,0.3586989
-0.7842529,1.8891888,0.048337996,0.096970975,1,1,0.7785522
-0.10894923,0.05299563,-0.35265243,0.025621945,1,1,0.40709674
-0.6359271,1.0534917,-0.00971739,-0.0037683703,1,1,0.6013475
-0.16201726,-0.08592744,-0.37661594,-0.21192111,0,1,0.3037554
-0.377119,3.7038937,0.047971617,0.09409892,1,0,0.96999276
0.6452373,0.523228,0.110314734,0.011946608,0,1,0.78545284
-0.51763314,-0.10564346,-0.56934613,-0.09751561,0,0,0.21701704
-0.46777716,-0.13676961,-0.0021348246,0.11302383,0,0,0.380682
-0.3812605,-0.042885054,0.060662925,0.094501615,1,0,0.4348777
-0.1284967,1.2558483,0.055353247,0.0250725,1,1,0.7711438
0.17697032,-0.4764608,0.07335443,0.10302848,1,0,0.47100657
-0.3559809,-0.6711141,-0.14955585,0.2686512,1,0,0.2888457
-0.6184959,-0.5684473,0.09034711,-0.18925048,1,0,0.21774746
-0.42163578,-0.2104852,-0.0047119213,0.1438794,0,1,0.3808482
-0.43192902,1.2916245,-0.17500405,0.08903583,1,0,0.6858377
-0.34571588,0.74790347,-0.018659987,-0.16661334,1,1,0.55574673
-1.3841027,1.2151786,-0.015261649,0.08367789,1,0,0.47664115
-0.3812605,-0.042885054,0.060662925,0.094501615,1,0,0.4348777
-0.9610011,-0.7860349,0.12969172,-0.10891996,0,0,0.15196651
1.3112837,-1.1106265,0.104420595,-0.06982547,0,1,0.5602697
-0.47300574,-0.82568413,0.12966406,-0.20960952,1,1,0.20235643
0.6948063,0.49139342,0.055282403,-0.06594807,1,1,0.7654037
-0.58757967,-0.8360558,0.13681109,-0.046542305,0,0,0.20976168
-0.8611406,2.0666263,0.037977,-0.26311302,0,1,0.72856456
0.54869,0.6348564,0.08245354,-0.0075176223,0,0,0.7799692
-0.9610011,-0.7860349,0.12969172,-0.10891996,0,1,0.15196651
1.009619,-0.7063456,0.098187394,0.010238512,1,0,0.6031727
-0.6843656,-0.23163809,0.020539783,-0.09994298,1,0,0.2712274
-0.45282322,0.298353,0.10725513,-0.097742364,0,1,0.4655662
-0.8191289,-0.64949083,-0.21258608,0.059763707,1,0,0.16597332
1.009619,-0.7063456,0.098187394,0.010238512,1,0,0.6031727
-1.529779,-0.33035108,-0.017772477,-0.20933728,0,0,0.11103267
0.047038183,-0.833158,-0.1284292,0.2352857,1,0,0.33799103
-0.27204654,-0.58521223,0.012754892,0.006499792,0,1,0.3034336
-0.5391264,1.9968467,0.07258855,0.04605595,1,1,0.829681
0.33922797,4.0299573,0.043537453,0.08859404,1,1,0.9891031
0.093062006,0.5712454,0.100389965,0.14540732,0,1,0.7144525
0.035576917,-0.31354246,0.1203358,0.057601415,0,1,0.47676057
-0.817281,1.7456192,0.07303694,-0.29361254,0,1,0.6714534
-0.4655637,-0.17686766,0.10687809,0.04133482,1,0,0.3805499
-0.8765253,0.31803665,0.066269375,0.063352324,1,1,0.39607108
-2.2002761,0.8897465,-0.046881877,0.11132097,1,1,0.22459488
-0.70384556,1.3528434,-0.15888532,-0.09319812,1,0,0.59962857
-0.60518795,1.0766976,-0.006283712,-0.0061135297,0,1,0.6144642
-0.19402589,-1.0123538,0.039399985,0.06018788,1,0,0.24977972
0.64780587,0.103339225,0.06202404,0.08962938,1,1,0.7129597
1.7259288,-1.1953589,-0.464888,0.23272115,1,1,0.5757638
-0.11484784,-0.32360154,-0.46902657,-0.071679585,1,1,0.27445173
0.6469507,0.5878402,-0.22539265,0.32713705,1,1,0.7930717
0.35069242,-0.7318831,0.059840277,0.04363185,1,0,0.43273145
0.11103536,0.041424207,0.060282562,0.2029893,0,1,0.60413754
-1.5875489,-1.0603253,0.14109361,0.028943563,1,1,0.07792849
-1.0792873,-0.9235641,0.06745023,0.22592966,1,0,0.15414314
-0.7208264,-0.90404266,-0.6033274,-0.2890679,0,0,0.07514208
0.13831693,0.40674236,0.10495342,0.03743099,0,0,0.6669556
0.5002475,-0.9627575,0.18505132,-0.019278506,1,0,0.42806908
0.48583597,0.75073344,0.07982902,0.10901861,1,1,0.8072783
-0.41027662,1.3170564,0.072467394,-0.25126123,0,0,0.6758995
-0.049030893,-0.2483113,0.038047064,-0.40111047,1,0,0.34222338
1.0996723,0.7325598,0.12837566,0.097602196,0,0,0.8874759
-0.3332818,0.4610759,0.0055780197,0.17642395,1,1,0.57854414
0.07818635,-0.09893902,0.033009727,0.08818461,1,1,0.52683556
1.3112837,-1.1106265,0.104420595,-0.06982547,1,1,0.5602697
-0.4204428,1.5120478,0.04610345,0.2223198,0,1,0.79690003
-1.7583122,0.78630203,-0.050627936,-0.16603802,1,1,0.23475157
0.8306198,0.7204603,0.04488797,0.21580881,1,1,0.86041975
1.0889417,-0.6888656,0.12763251,-0.010019092,0,0,0.62824446
-0.10234093,-0.1655624,-0.0062676007,0.07875295,1,1,0.4530353
0.4103549,-0.7961327,0.17045256,0.117435694,0,0,0.4772942
-0.6248666,-0.6723731,-0.04438173,-0.07761769,0,1,0.19588166
0.19670732,-1.0199882,0.10673828,0.036177427,0,0,0.33774465
0.9865906,0.12402607,0.11314843,-0.01359934,1,0,0.77156514
0.44793954,-0.18292224,0.12838252,-0.14790422,1,1,0.5627916
-0.6248666,-0.6723731,-0.04438173,-0.07761769,1,0,0.19588166
-0.4200901,-0.5200464,0.07020248,-0.10054005,0,0,0.27618417
0.21874169,-0.9867566,0.062258393,0.13217783,1,0,0.36202765
0.047623035,0.8667003,-0.009521807,-0.044684235,0,1,0.70414627
-0.634516,-0.7253406,-0.5222328,-0.28089398,0,0,0.10377379
-0.19062428,-0.6454753,0.17519103,-0.09501112,0,0,0.3210576
-0.61209863,0.17182803,0.10756685,0.043303624,0,0,0.42986643
-0.2216672,-0.6589039,-0.3439875,-0.33716732,0,1,0.17440544
2.3616333,1.0350614,0.09344029,-0.021216083,0,0,0.9699948
0.06455987,-0.2493988,0.102120936,0.07896445,0,0,0.50081253
1.120006,0.5425637,0.1458291,0.17776777,0,1,0.8800782
0.27239624,0.42284694,-0.00941398,-0.24256782,0,0,0.6107023
-0.05723688,-0.1932556,0.019642383,-0.19695187,0,1,0.39632568
-0.05723688,-0.1932556,0.019642383,-0.19695187,0,1,0.39632568
-0.16461696,0.8957302,0.047236755,0.060434952,1,1,0.69968307
-0.97777635,-0.98128986,0.1796504,0.047931317,0,0,0.15129492
0.045306303,3.374742,0.033479866,0.3017834,0,0,0.97729754
1.009619,-0.7063456,0.098187394,0.010238512,1,0,0.6031727
-1.1374667,1.3940115,-0.20218146,-0.19977774,0,1,0.46545216
-0.8082925,0.59287965,0.055700313,-0.12061051,1,1,0.43209234
0.48068509,1.6376953,0.043695524,-0.018168092,1,1,0.8957538
-0.3356344,3.0578492,0.063901454,0.33123678,1,1,0.95788634
-0.49937135,1.0542859,0.0005448825,0.11750797,0,0,0.66373223
-1.2139128,0.94645274,-0.014091136,0.08009857,1,1,0.45154035
0.44793954,-0.18292224,0.12838252,-0.14790422,1,1,0.5627916
0.14926195,-0.38211676,0.11628136,-0.036242984,1,0,0.46361125
-0.23670171,-0.058051962,0.13777068,-0.118059985,0,0,0.4333885
0.7775865,0.68986833,0.060531773,0.18812318,1,0,0.84852946
0.86564463,1.1405079,0.076064676,-0.03686322,1,1,0.88618577
-0.25127903,0.44519866,0.05153742,0.16989695,0,0,0.6040473
-0.34063706,-0.47858492,-0.003132398,0.07849296,1,0,0.3236916
-0.20822456,3.0611234,0.10576661,-0.08587495,0,0,0.94683856
-0.28810287,-0.49350113,-0.45317966,0.07773865,1,0,0.2404816
0.21978113,0.117098235,-0.057131518,0.054599214,0,0,0.5845186
-0.7631423,1.0321058,-0.45475376,0.117918745,1,1,0.48478797
-0.09593769,0.18520777,0.112232625,0.06942364,0,0,0.5690387
-0.37323332,1.1872662,0.15818852,0.24409011,1,1,0.77264637
0.49731013,-0.21915065,0.15876418,0.070732504,0,1,0.62589824
-0.68017775,-0.32726446,0.0083457595,0.09988745,0,1,0.2906549
-0.09221276,1.0661337,-0.060062937,0.15428814,1,1,0.7455752
0.48327807,2.2176611,0.10363941,-0.14503361,1,1,0.9350236
0.2455198,-0.69992083,0.056827888,-0.14765896,1,1,0.36859983
-0.88437873,0.29366258,0.07580442,-0.15681383,1,1,0.33967954
0.2455198,-0.69992083,0.056827888,-0.14765896,1,0,0.36859983
0.21874169,-0.9867566,0.062258393,0.13217783,1,0,0.36202765
-0.25365737,-0.24788699,0.13905741,0.032556046,0,0,0.4199625
1.2213167,0.6231316,0.11043555,-0.025531612,1,1,0.87395126
1.009619,-0.7063456,0.098187394,0.010238512,1,1,0.6031727
-0.024374371,-0.9376423,-0.3423906,0.1000077,1,1,0.23193869
1.2213167,0.6231316,0.11043555,-0.025531612,1,1,0.87395126
0.06833248,0.37411773,0.10626795,0.046427548,1,0,0.64614785
0.3635513,-0.79011506,0.037445754,0.069952466,0,0,0.42258713
1.0889417,-0.6888656,0.12763251,-0.010019092,0,1,0.62824446
0.15285149,-0.20653306,0.011300728,-0.012053229,1,0,0.48814467
-0.26756948,-0.020358711,-0.46712998,0.06357122,1,0,0.33526134
-0.28873885,1.2615873,-0.033133656,0.037411064,1,1,0.7279269
-0.55990386,-0.77306247,0.12291661,-0.15657516,0,0,0.20430188
0.1922007,-0.17737488,-0.04831163,-0.2468822,1,1,0.4320813
-0.5337572,-0.5356761,0.042634733,0.08320155,1,0,0.28158903
0.6962107,-0.8385831,0.11057785,-0.012622253,1,1,0.49064773
0.039173875,-0.3578993,0.11118026,-0.10806796,0,1,0.42345414
0.027386254,-0.48750558,0.0014299038,-0.21582174,1,0,0.3390551
-0.115871295,2.0596726,0.021404343,0.1341423,0,1,0.89151883
-0.1285615,-0.26536894,0.0048073693,-0.14341176,1,0,0.37155977
-0.17787564,-0.31358784,0.043225303,-0.17806748,1,0,0.34994024
-1.2937268,-0.16760294,0.0121554285,0.18082635,1,0,0.22074252
-0.86193675,-0.46542242,0.029045215,-0.31124103,0,0,0.16762546
-0.8777956,0.30774757,0.07061357,0.004725337,1,0,0.38043424
0.559885,1.3774235,0.0049879607,0.010675835,1,1,0.8765303
-0.11116878,0.33598796,0.101265885,0.11904322,1,1,0.611146
-0.88925153,-0.13513413,0.069432124,0.10144211,1,0,0.30016586
0.5939788,0.6577039,0.068687476,0.025068719,1,1,0.7945287
-1.6784743,-1.1942866,-0.5546187,-0.28137222,0,0,0.024085958
-0.5976987,-0.20725536,-0.006143942,0.08118086,1,0,0.3267518
-0.17952906,-0.030071165,-0.41738474,-0.025158321,1,1,0.34408563
0.6930009,-0.25117272,0.13639198,0.06499966,1,1,0.65706086
-0.9668968,-0.3131112,-0.2269313,0.014174274,0,1,0.18455875
-0.9479698,0.2497577,0.05623619,-0.29770833,1,1,0.282381
0.012757649,-0.27433836,0.09884695,-0.14210397,1,0,0.42608708
-1.0812438,0.7584481,-0.44464672,0.101125546,1,0,0.340894
0.6930009,-0.25117272,0.13639198,0.06499966,1,1,0.65706086
-0.014361701,0.5800938,0.058219407,0.05396457,1,1,0.66483593
0.29711354,-0.6039781,-0.79859567,-0.0074287374,1,1,0.24863881
3.0363312,-0.07590729,-0.6522032,-0.11427245,1,1,0.90033495
-0.5337572,-0.5356761,0.042634733,0.08320155,1,0,0.28158903
-1.3674306,0.039990537,0.00637497,-0.08918407,0,1,0.19730161
0.0779603,3.2352092,0.02268824,0.12311556,1,1,0.96970403
-0.28940555,1.5271517,0.069385625,-0.14849511,1,1,0.7623561
-0.4162561,-0.5605729,-0.0035320786,0.11256923,0,0,0.2971747
-0.08574485,-0.8608905,0.15611693,-0.2718888,1,1,0.25818878
0.13293123,-0.89868236,0.08863294,-0.06040786,0,0,0.32508022
-0.32512477,-0.45089358,-0.33700037,0.0016493861,1,0,0.24892263
-1.9228288,1.0057147,-0.033641923,-0.10770193,1,0,0.25894582
0.07818635,-0.09893902,0.033009727,0.08818461,1,0,0.52683556
-0.91997653,-0.38569582,-0.022331716,0.06803229,0,1,0.22218679
-0.014361701,0.5800938,0.058219407,0.05396457,0,1,0.66483593
-0.78464377,-0.25225893,0.04587591,-0.28824955,0,1,0.2188685
-0.07240054,0.2874877,0.09747458,0.043418325,1,1,0.58976257
1.0889417,-0.6888656,0.12763251,-0.010019092,1,1,0.62824446
-0.57313067,1.7373505,0.021764204,0.1107335,1,1,0.78646064
-0.11489015,-0.03701953,0.096696354,-0.21931829,0,0,0.43351406
-0.8109167,-1.0938776,-0.26896527,0.1447792,0,0,0.11691466
0.029939314,0.15959533,-0.15059924,0.15730877,1,1,0.5506377
-0.30160433,0.24248642,-0.19109297,0.12637323,1,1,0.4708247
0.012757649,-0.27433836,0.09884695,-0.14210397,1,0,0.42608708
0.4103549,-0.7961327,0.17045256,0.117435694,1,0,0.4772942
-0.5856143,0.21900038,0.06280625,0.021515783,0,1,0.4316095
-0.62288076,-0.85204136,0.05221887,0.032218788,0,0,0.2004504
0.4804171,2.5121493,0.08628137,0.04870664,1,1,0.9582959
0.31967828,0.6404242,0.086794406,-0.39125368,1,0,0.6598546
-0.19402589,-1.0123538,0.039399985,0.06018788,1,0,0.24977972
0.20107958,-1.0187922,-0.22912185,0.32360008,0,0,0.32822368
0.13251905,0.1482622,-0.030542366,-0.46675593,1,1,0.44781244
-0.058462083,0.24512428,0.103403986,0.07169993,1,1,0.5911617
0.85976523,-0.8135694,0.19789703,0.051352303,1,0,0.575041
0.6645363,-0.36791942,0.17615461,-0.13273136,1,0,0.58590055
0.06455987,-0.2493988,0.102120936,0.07896445,1,0,0.50081253
0.06455987,-0.2493988,0.102120936,0.07896445,0,0,0.50081253
-0.13622242,-0.27800202,0.066887036,-0.18475957,0,0,0.37166202
0.86017096,0.5335429,0.064902194,-0.020430181,1,0,0.8092572
-0.08574485,-0.8608905,0.15611693,-0.2718888,1,0,0.25818878
-0.10234093,-0.1655624,-0.0062676007,0.07875295,0,0,0.4530353
-1.9303174,-0.7895257,0.04395029,-0.16685,0,1,0.055423252
-0.6021854,0.24180676,0.12953132,-0.06825236,0,0,0.42749083
0.19670732,-1.0199882,0.10673828,0.036177427,0,0,0.33774465
0.44649172,-0.93693644,-0.20845315,0.25099784,1,1,0.3915274
3.1247654,-0.79104555,0.14739761,0.12170968,0,1,0.93149155
-0.11489015,-0.03701953,0.096696354,-0.21931829,1,0,0.43351406
-0.8326778,-0.73656195,0.04758308,0.042638145,0,0,0.18663661
0.09855305,-0.7290691,0.1751096,-0.0344829,0,0,0.381571
-0.4469206,0.19411986,0.14172155,-0.0490447,0,0,0.4617945
0.4103549,-0.7961327,0.17045256,0.117435694,1,0,0.4772942
-0.41521117,-0.80001384,-0.6541826,-0.328711,0,0,0.10055133
0.053764485,-0.7955897,0.09295847,0.020308819,0,0,0.3494281
0.008976864,0.34072956,0.06274938,0.06875887,0,1,0.61968666
0.6367965,-0.5789338,0.11829599,0.031380866,1,1,0.553431
-0.95282835,0.53557837,0.0943696,-0.15541524,1,0,0.38431057
0.31263256,1.6637508,0.070686564,-0.2996628,0,1,0.8525082
-0.6727077,0.30468932,-0.2044914,-0.19927451,1,0,0.3176091
-0.21683347,-0.039069068,0.0587721,0.07014075,1,0,0.47003934
0.45103198,0.71014875,0.020742023,0.1048898,1,1,0.78479254
-0.060874403,-0.8469014,0.037376255,0.03535949,1,0,0.30406046
-0.7958182,-0.041680757,-0.030962422,-0.039562624,1,0,0.28884062
-0.8932323,-0.36532015,-0.020763338,0.12028306,0,1,0.2401188
0.19337529,0.8201315,0.017113177,0.04347875,1,1,0.7467026
0.7660772,1.5317837,0.01597852,0.070431724,1,1,0.9161596
1.3188531,0.69822687,0.0873905,-0.003890658,1,1,0.89163804
